{
    "test": {
        "testId": "12345",
        "testType": "Objective",
        "testTitle": "Java Script Test",
        "timeForTest": 8,
        "noOfQuestions": 8,
        "questions": [{
                "questionId": "1",
                "questionText": "What is array",
                "questionGroup": "Javascript",
                "questionWeightage": "1",
                "typeOfQuestion": "radio",
                "questionType": {
                    "noOfOptions": 4,
                    "correctAnswer": 1,
                    "options": {
                        "option1": "Array is combination of objects",
                        "option2": "Array is comnination of data types",
                        "option3": "Array is a predefined data type",
                        "option4": "None of the above"
                    }
                },
                "compilerToBeUsed": "no",
                "timeRequired": "4"
            },
            {
                "questionId": "2",
                "questionText": "Which is true in below",
                "questionGroup": "Javascript",
                "questionWeightage": "1",
                "typeOfQuestion": "checkBox",
                "questionType": {
                    "noOfOptions": 4,
                    "correctAnswer": [1],
                    "options": {
                        "option1": "Javascript is client side",
                        "option2": "Javascript is server side",
                        "option3": "Javascript is middle ware",
                        "option4": "Javascript is low level language"
                    }
                },
                "compilerToBeUsed": "no",
                "timeRequired": "4"
            },
            {
                "questionId": "3",
                "questionText": "What is string",
                "questionGroup": "Javascript",
                "questionWeightage": "1",
                "typeOfQuestion": "radio",
                "questionType": {
                    "noOfOptions": 4,
                    "correctAnswer": 1,
                    "options": {
                        "option1": "String is a Generic class",
                        "option2": "Array is a predefined data type",
                        "option3": "None of the above"
                    }
                },
                "compilerToBeUsed": "no",
                "timeRequired": "4"
            },
            {
                "questionId": "4",
                "questionText": "Which is true in below",
                "questionGroup": "Javascript",
                "questionWeightage": "1",
                "typeOfQuestion": "checkBox",
                "questionType": {
                    "noOfOptions": 4,
                    "correctAnswer": [1],
                    "options": {
                        "option1": "Javascript is client side",
                        "option2": "Javascript is server side",
                        "option3": "Javascript is middle ware"
                    }
                },
                "compilerToBeUsed": "no",
                "timeRequired": "4"
            },
            {
                "questionId": "5",
                "questionText": "What is array",
                "questionGroup": "Javascript",
                "questionWeightage": "1",
                "typeOfQuestion": "radio",
                "questionType": {
                    "noOfOptions": 4,
                    "correctAnswer": 1,
                    "options": {
                        "option1": "Array is combination of objects",
                        "option2": "Array is comnination of data types",
                        "option3": "Array is a predefined data type",
                        "option4": "None of the above"
                    }
                },
                "compilerToBeUsed": "no",
                "timeRequired": "4"
            },
            {
                "questionId": "6",
                "questionText": "Which is true in below",
                "questionGroup": "Javascript",
                "questionWeightage": "1",
                "typeOfQuestion": "checkBox",
                "questionType": {
                    "noOfOptions": 4,
                    "correctAnswer": [1],
                    "options": {
                        "option1": "Javascript is client side",
                        "option2": "Javascript is server side",
                        "option3": "Javascript is middle ware",
                        "option4": "Javascript is low level language"
                    }
                },
                "compilerToBeUsed": "no",
                "timeRequired": "4"
            },
            {
                "questionId": "7",
                "questionText": "What is array",
                "questionGroup": "Javascript",
                "questionWeightage": "1",
                "typeOfQuestion": "radio",
                "questionType": {
                    "noOfOptions": 4,
                    "correctAnswer": 1,
                    "options": {
                        "option1": "Array is combination of objects",
                        "option2": "Array is comnination of data types",
                        "option3": "Array is a predefined data type",
                        "option4": "None of the above"
                    }
                },
                "compilerToBeUsed": "no",
                "timeRequired": "4"
            },
            {
                "questionId": "8",
                "questionText": "Which is true in below",
                "questionGroup": "Javascript",
                "questionWeightage": "1",
                "typeOfQuestion": "checkBox",
                "questionType": {
                    "noOfOptions": 4,
                    "correctAnswer": [1],
                    "options": {
                        "option1": "Javascript is client side",
                        "option2": "Javascript is server side",
                        "option3": "Javascript is middle ware",
                        "option4": "Javascript is low level language"
                    }
                },
                "compilerToBeUsed": "no",
                "timeRequired": "4"
            }
        ]
    }
}